{
  "S1": 6.820952415466309,
  "S2": 6.3900675773620605,
  "S3": 5.173827648162842,
  "S4": 7.134890556335449,
  "S5": 26.56922721862793,
  "S6": 6.615716934204102,
  "S7": 5.502301216125488,
  "S8": 11.128482818603516,
  "S9": 11.906636238098145,
  "S10": 7.2692742347717285,
  "S11": 9.69924545288086,
  "S12": 10.441935539245605,
  "S13": 6.383900165557861,
  "S14": 4.673129081726074,
  "S15": 6.941291809082031
}